from,to,weight,from_group,to_group
720575940611549902,720575940623040094,6,hop 2 gaba interneuron,hop 3 acetylcholine interneuron
720575940635210859,720575940631309866,7,hop 2 serotonin interneuron,hop 3 serotonin interneuron
720575940645039383,720575940623040094,5,hop 2 gaba interneuron,hop 3 acetylcholine interneuron
720575940647606148,720575940622160705,6,hop 2 acetylcholine interneuron,hop 2 gaba interneuron
720575940626308697,720575940610708430,84,hop 2 glutamate interneuron,hop 3 glutamate interneuron
720575940632873261,720575940644948771,7,hop 2 acetylcholine interneuron,hop 3 glutamate interneuron
720575940632873261,720575940610708430,6,hop 2 acetylcholine interneuron,hop 3 glutamate interneuron
720575940628683063,720575940642715040,19,hop 2 acetylcholine interneuron,hop 3 glutamate interneuron
720575940628683063,720575940610708430,6,hop 2 acetylcholine interneuron,hop 3 glutamate interneuron
720575940632146340,720575940633711028,6,hop 2 acetylcholine interneuron,hop 3 acetylcholine interneuron
720575940629317450,720575940619025780,7,hop 1 glutamate interneuron,hop 2 gaba interneuron
720575940629317450,720575940630311528,6,hop 1 glutamate interneuron,hop 2 serotonin interneuron
720575940634683743,720575940633711028,5,hop 2 acetylcholine interneuron,hop 3 acetylcholine interneuron
720575940637580102,720575940633711028,6,hop 2 acetylcholine interneuron,hop 3 acetylcholine interneuron
720575940629211607,720575940630311528,5,hop 2 acetylcholine interneuron,hop 2 serotonin interneuron
720575940614273292,720575940630311528,7,hop 2 acetylcholine interneuron,hop 2 serotonin interneuron
720575940636574388,720575940610708430,6,hop 2 octopamine interneuron,hop 3 glutamate interneuron
720575940632636959,720575940631309866,6,hop 2 glutamate interneuron,hop 3 serotonin interneuron
720575940621736669,720575940626021052,5,hop 1 glutamate interneuron,hop 2 serotonin interneuron
720575940629370844,720575940637718598,5,hop 2 acetylcholine interneuron,hop 3 glutamate interneuron
720575940639813365,720575940610708430,6,hop 2 gaba interneuron,hop 3 glutamate interneuron
720575940612648106,720575940621490721,6,hop 1 acetylcholine interneuron,hop 2 gaba interneuron
720575940622457579,720575940613845516,11,hop 2 acetylcholine interneuron,hop 3 gaba interneuron
720575940617184001,720575940633304601,12,hop 2 serotonin interneuron,hop 3 glutamate interneuron
720575940617184001,720575940631309866,12,hop 2 serotonin interneuron,hop 3 serotonin interneuron
720575940617184001,720575940631008824,7,hop 2 serotonin interneuron,hop 3 glutamate interneuron
720575940630311528,720575940631309866,7,hop 2 serotonin interneuron,hop 3 serotonin interneuron
720575940630311528,720575940633304601,6,hop 2 serotonin interneuron,hop 3 glutamate interneuron
720575940627492866,720575940615792523,45,hop 2 acetylcholine interneuron,hop 3 glutamate interneuron
720575940627492866,720575940642715040,5,hop 2 acetylcholine interneuron,hop 3 glutamate interneuron
720575940607777628,720575940613845516,10,hop 2 acetylcholine interneuron,hop 3 gaba interneuron
720575940607777628,720575940633304601,9,hop 2 acetylcholine interneuron,hop 3 glutamate interneuron
720575940607472988,720575940624454221,9,hop 2 gaba interneuron,hop 3 acetylcholine interneuron
720575940621138977,720575940613845516,6,hop 2 acetylcholine interneuron,hop 3 gaba interneuron
720575940617155558,720575940633304601,11,hop 2 acetylcholine interneuron,hop 3 glutamate interneuron
720575940617155558,720575940631008824,9,hop 2 acetylcholine interneuron,hop 3 glutamate interneuron
720575940632602532,720575940614950194,8,hop 2 acetylcholine interneuron,hop 3 acetylcholine interneuron
720575940630664556,720575940631915801,5,hop 1 gaba interneuron,hop 2 acetylcholine interneuron
720575940623333964,720575940625053773,19,hop 2 gaba interneuron,hop 3 serotonin interneuron
720575940622457579,720575940623777065,6,hop 2 acetylcholine interneuron,hop 3 gaba interneuron
720575940617155558,720575940623777065,6,hop 2 acetylcholine interneuron,hop 3 gaba interneuron
720575940622369718,720575940625053773,16,hop 2 acetylcholine interneuron,hop 3 serotonin interneuron
720575940626982165,720575940623777065,5,hop 2 acetylcholine interneuron,hop 3 gaba interneuron
720575940655013281,720575940618310229,5,hop 2 acetylcholine interneuron,hop 3 acetylcholine interneuron
720575940614349974,720575940618310229,8,hop 2 acetylcholine interneuron,hop 3 acetylcholine interneuron
720575940618788944,720575940630311528,5,hop 2 acetylcholine interneuron,hop 2 serotonin interneuron
720575940633165980,720575940630349905,5,hop 2 acetylcholine interneuron,hop 3 acetylcholine interneuron
720575940626015242,720575940624454221,17,hop 2 acetylcholine interneuron,hop 3 acetylcholine interneuron
720575940626015242,720575940630311528,6,hop 2 acetylcholine interneuron,hop 2 serotonin interneuron
720575940635816926,720575940633711028,5,hop 2 acetylcholine interneuron,hop 3 acetylcholine interneuron
720575940629370844,720575940626021052,6,hop 2 acetylcholine interneuron,hop 2 serotonin interneuron
720575940627667530,720575940610708430,36,hop 2 serotonin interneuron,hop 3 glutamate interneuron
720575940620170887,720575940622834411,5,hop 2 acetylcholine interneuron,hop 3 acetylcholine interneuron
720575940609592270,720575940610708430,64,hop 2 glutamate interneuron,hop 3 glutamate interneuron
720575940609592270,720575940625320530,7,hop 2 glutamate interneuron,hop 3 gaba interneuron
720575940609592270,720575940623777065,5,hop 2 glutamate interneuron,hop 3 gaba interneuron
720575940617229691,720575940610708430,16,hop 2 glutamate interneuron,hop 3 glutamate interneuron
720575940631299602,720575940610708430,22,hop 2 glutamate interneuron,hop 3 glutamate interneuron
720575940620746478,720575940618310229,5,hop 2 gaba interneuron,hop 3 acetylcholine interneuron
720575940626953561,720575940624454221,5,hop 2 acetylcholine interneuron,hop 3 acetylcholine interneuron
720575940626148520,720575940634721761,5,hop 1 acetylcholine interneuron,hop 3 acetylcholine interneuron
720575940614273292,720575940626146125,5,hop 2 acetylcholine interneuron,hop 2 acetylcholine interneuron
720575940623338281,720575940631309866,7,hop 2 gaba interneuron,hop 3 serotonin interneuron
720575940632407826,720575940610708430,26,hop 2 gaba interneuron,hop 3 glutamate interneuron
720575940632524559,720575940610708430,16,hop 2 gaba interneuron,hop 3 glutamate interneuron
720575940622160705,720575940615686841,8,hop 2 gaba interneuron,hop 3 gaba interneuron
720575940622160705,720575940624795962,8,hop 2 gaba interneuron,hop 3 glutamate interneuron
720575940622160705,720575940613845516,8,hop 2 gaba interneuron,hop 3 gaba interneuron
720575940622160705,720575940632412828,7,hop 2 gaba interneuron,hop 3 acetylcholine interneuron
720575940622160705,720575940605030316,6,hop 2 gaba interneuron,hop 3 dopamine interneuron
720575940622160705,720575940626518474,5,hop 2 gaba interneuron,hop 3 gaba interneuron
720575940617755220,720575940631309866,77,hop 2 acetylcholine interneuron,hop 3 serotonin interneuron
720575940620096171,720575940631309866,5,hop 2 dopamine interneuron,hop 3 serotonin interneuron
720575940627559623,720575940625053773,19,hop 2 acetylcholine interneuron,hop 3 serotonin interneuron
720575940625102692,720575940630311528,10,hop 1 acetylcholine interneuron,hop 2 serotonin interneuron
720575940625741287,720575940615871967,26,hop 2 gaba interneuron,hop 3 serotonin interneuron
720575940628360506,720575940615871967,8,hop 2 gaba interneuron,hop 3 serotonin interneuron
720575940627454569,720575940626021052,5,hop 2 acetylcholine interneuron,hop 2 serotonin interneuron
720575940641536987,720575940634721761,5,hop 2 acetylcholine interneuron,hop 3 acetylcholine interneuron
720575940630661164,720575940614950194,9,hop 2 acetylcholine interneuron,hop 3 acetylcholine interneuron
720575940658442625,720575940626021052,5,hop 2 acetylcholine interneuron,hop 2 serotonin interneuron
720575940622661095,720575940624454221,6,hop 2 acetylcholine interneuron,hop 3 acetylcholine interneuron
720575940621827419,720575940622834411,6,hop 2 acetylcholine interneuron,hop 3 acetylcholine interneuron
720575940641776032,720575940630311528,6,hop 2 acetylcholine interneuron,hop 2 serotonin interneuron
720575940628386295,720575940610708430,101,hop 2 acetylcholine interneuron,hop 3 glutamate interneuron
720575940626809109,720575940626021052,5,hop 2 acetylcholine interneuron,hop 2 serotonin interneuron
720575940626809109,720575940630349905,5,hop 2 acetylcholine interneuron,hop 3 acetylcholine interneuron
720575940634659508,720575940621490721,5,hop 2 glutamate interneuron,hop 2 gaba interneuron
720575940616072221,720575940619025780,7,hop 2 acetylcholine interneuron,hop 2 gaba interneuron
720575940616072221,720575940638517181,6,hop 2 acetylcholine interneuron,hop 3 glutamate interneuron
720575940621410006,720575940638517181,6,hop 2 gaba interneuron,hop 3 glutamate interneuron
720575940620061793,720575940631309866,120,hop 2 acetylcholine interneuron,hop 3 serotonin interneuron
720575940625376442,720575940610708430,29,hop 2 serotonin interneuron,hop 3 glutamate interneuron
720575940625376442,720575940625053773,7,hop 2 serotonin interneuron,hop 3 serotonin interneuron
720575940625376442,720575940631309866,6,hop 2 serotonin interneuron,hop 3 serotonin interneuron
720575940620181825,720575940622160705,9,hop 2 gaba interneuron,hop 2 gaba interneuron
720575940629207963,720575940610708430,7,hop 2 acetylcholine interneuron,hop 3 glutamate interneuron
720575940629543409,720575940610708430,5,hop 2 acetylcholine interneuron,hop 3 glutamate interneuron
720575940626091722,720575940637572324,7,hop 2 acetylcholine interneuron,hop 3 acetylcholine interneuron
720575940620519083,720575940615686841,9,hop 2 acetylcholine interneuron,hop 3 gaba interneuron
720575940620519083,720575940613845516,6,hop 2 acetylcholine interneuron,hop 3 gaba interneuron
720575940630883343,720575940613845516,7,hop 2 glutamate interneuron,hop 3 gaba interneuron
720575940630883343,720575940615686841,7,hop 2 glutamate interneuron,hop 3 gaba interneuron
720575940621225893,720575940608174894,15,hop 2 glutamate interneuron,hop 3 gaba interneuron
720575940621225893,720575940625320530,11,hop 2 glutamate interneuron,hop 3 gaba interneuron
720575940621225893,720575940615686841,7,hop 2 glutamate interneuron,hop 3 gaba interneuron
720575940635487845,720575940618310229,31,hop 2 glutamate interneuron,hop 3 acetylcholine interneuron
720575940612894578,720575940634721761,8,hop 2 glutamate interneuron,hop 3 acetylcholine interneuron
720575940639301027,720575940622160705,5,hop 2 acetylcholine interneuron,hop 2 gaba interneuron
720575940639301027,720575940625053773,5,hop 2 acetylcholine interneuron,hop 3 serotonin interneuron
720575940619343952,720575940622160705,11,hop 2 acetylcholine interneuron,hop 2 gaba interneuron
720575940631678289,720575940634721761,7,hop 2 glutamate interneuron,hop 3 acetylcholine interneuron
720575940626091722,720575940634721761,11,hop 2 acetylcholine interneuron,hop 3 acetylcholine interneuron
720575940612154482,720575940634721761,6,hop 2 glutamate interneuron,hop 3 acetylcholine interneuron
720575940618775892,720575940625053773,5,hop 2 acetylcholine interneuron,hop 3 serotonin interneuron
720575940640125312,720575940634721761,17,hop 2 acetylcholine interneuron,hop 3 acetylcholine interneuron
720575940627245585,720575940634721761,6,hop 2 gaba interneuron,hop 3 acetylcholine interneuron
720575940610773782,720575940634721761,13,hop 2 gaba interneuron,hop 3 acetylcholine interneuron
720575940620519083,720575940629026668,13,hop 2 acetylcholine interneuron,hop 3 gaba interneuron
720575940620519083,720575940626518474,12,hop 2 acetylcholine interneuron,hop 3 gaba interneuron
720575940620519083,720575940624795962,11,hop 2 acetylcholine interneuron,hop 3 glutamate interneuron
720575940620519083,720575940619025780,10,hop 2 acetylcholine interneuron,hop 2 gaba interneuron
720575940620519083,720575940631969325,7,hop 2 acetylcholine interneuron,hop 3 gaba interneuron
720575940611871352,720575940634721761,11,hop 2 glutamate interneuron,hop 3 acetylcholine interneuron
720575940621225893,720575940631969325,19,hop 2 glutamate interneuron,hop 3 gaba interneuron
720575940621225893,720575940623741795,16,hop 2 glutamate interneuron,hop 3 gaba interneuron
720575940621225893,720575940619025780,12,hop 2 glutamate interneuron,hop 2 gaba interneuron
720575940621225893,720575940624795962,10,hop 2 glutamate interneuron,hop 3 glutamate interneuron
720575940621225893,720575940625053773,10,hop 2 glutamate interneuron,hop 3 serotonin interneuron
720575940621225893,720575940629026668,6,hop 2 glutamate interneuron,hop 3 gaba interneuron
720575940624532408,720575940621490721,12,hop 2 dopamine interneuron,hop 2 gaba interneuron
720575940620096171,720575940621490721,8,hop 2 dopamine interneuron,hop 2 gaba interneuron
720575940613754833,720575940615871967,11,hop 2 acetylcholine interneuron,hop 3 serotonin interneuron
720575940614109586,720575940610708430,7,hop 2 acetylcholine interneuron,hop 3 glutamate interneuron
720575940614109586,720575940625053773,7,hop 2 acetylcholine interneuron,hop 3 serotonin interneuron
720575940622466027,720575940623777065,9,hop 2 acetylcholine interneuron,hop 3 gaba interneuron
720575940610079957,720575940623777065,18,hop 2 acetylcholine interneuron,hop 3 gaba interneuron
720575940625102692,720575940627492866,8,hop 1 acetylcholine interneuron,hop 2 acetylcholine interneuron
720575940625102692,720575940622587018,7,hop 1 acetylcholine interneuron,hop 2 glutamate interneuron
720575940626449158,720575940610708430,22,hop 2 glutamate interneuron,hop 3 glutamate interneuron
720575940651601910,720575940610708430,35,hop 2 glutamate interneuron,hop 3 glutamate interneuron
720575940618791515,720575940610708430,31,hop 2 glutamate interneuron,hop 3 glutamate interneuron
720575940619025780,720575940624535554,16,hop 2 gaba interneuron,hop 3 acetylcholine interneuron
720575940619025780,720575940622536179,10,hop 2 gaba interneuron,hop 3 acetylcholine interneuron
720575940619025780,720575940618413295,9,hop 2 gaba interneuron,hop 3 acetylcholine interneuron
720575940619025780,720575940617779029,8,hop 2 gaba interneuron,hop 3 acetylcholine interneuron
720575940635322524,720575940621602743,6,hop 2 acetylcholine interneuron,hop 3 glutamate interneuron
720575940613133718,720575940606720265,16,hop 2 acetylcholine interneuron,hop 3 acetylcholine interneuron
720575940613133718,720575940628038187,8,hop 2 acetylcholine interneuron,hop 3 acetylcholine interneuron
720575940629954872,720575940610708430,5,hop 2 acetylcholine interneuron,hop 3 glutamate interneuron
720575940643259684,720575940645882420,6,hop 2 gaba interneuron,hop 3 acetylcholine interneuron
720575940643259684,720575940617779029,5,hop 2 gaba interneuron,hop 3 acetylcholine interneuron
720575940643259684,720575940618413295,5,hop 2 gaba interneuron,hop 3 acetylcholine interneuron
720575940623432918,720575940622160705,8,hop 2 gaba interneuron,hop 2 gaba interneuron
720575940623432918,720575940634721761,8,hop 2 gaba interneuron,hop 3 acetylcholine interneuron
720575940623432918,720575940622119861,5,hop 2 gaba interneuron,hop 3 acetylcholine interneuron
720575940627559623,720575940622160705,16,hop 2 acetylcholine interneuron,hop 2 gaba interneuron
720575940625741287,720575940632412828,11,hop 2 gaba interneuron,hop 3 acetylcholine interneuron
720575940625741287,720575940625053773,7,hop 2 gaba interneuron,hop 3 serotonin interneuron
720575940628360506,720575940625053773,11,hop 2 gaba interneuron,hop 3 serotonin interneuron
720575940628360506,720575940638302909,9,hop 2 gaba interneuron,hop 3 acetylcholine interneuron
720575940619620852,720575940634721761,6,hop 2 gaba interneuron,hop 3 acetylcholine interneuron
720575940626870846,720575940626146125,6,hop 1 acetylcholine interneuron,hop 2 acetylcholine interneuron
720575940623333964,720575940622160705,25,hop 2 gaba interneuron,hop 2 gaba interneuron
720575940624040743,720575940620691327,12,hop 2 acetylcholine interneuron,hop 3 glutamate interneuron
720575940627492866,720575940609625442,7,hop 2 acetylcholine interneuron,hop 3 glutamate interneuron
720575940615245107,720575940627492866,6,hop 2 acetylcholine interneuron,hop 2 acetylcholine interneuron
720575940617229691,720575940617261908,10,hop 2 glutamate interneuron,hop 3 gaba interneuron
720575940617229691,720575940637763150,6,hop 2 glutamate interneuron,hop 3 glutamate interneuron
720575940609913042,720575940630311528,5,hop 2 acetylcholine interneuron,hop 2 serotonin interneuron
720575940618788944,720575940626146125,7,hop 2 acetylcholine interneuron,hop 2 acetylcholine interneuron
720575940618788944,720575940627492866,5,hop 2 acetylcholine interneuron,hop 2 acetylcholine interneuron
720575940637072350,720575940618595046,5,hop 2 acetylcholine interneuron,hop 3 acetylcholine interneuron
720575940634707863,720575940634721761,6,hop 2 gaba interneuron,hop 3 acetylcholine interneuron
720575940620450694,720575940610384281,7,hop 2 acetylcholine interneuron,hop 3 glutamate interneuron
720575940629642460,720575940610708430,37,hop 2 acetylcholine interneuron,hop 3 glutamate interneuron
720575940629642460,720575940615792523,13,hop 2 acetylcholine interneuron,hop 3 glutamate interneuron
720575940629642460,720575940644948771,12,hop 2 acetylcholine interneuron,hop 3 glutamate interneuron
720575940629642460,720575940621942021,9,hop 2 acetylcholine interneuron,hop 3 acetylcholine interneuron
720575940629642460,720575940630349905,9,hop 2 acetylcholine interneuron,hop 3 acetylcholine interneuron
720575940629642460,720575940638517181,9,hop 2 acetylcholine interneuron,hop 3 glutamate interneuron
720575940629642460,720575940619093163,5,hop 2 acetylcholine interneuron,hop 3 glutamate interneuron
720575940629642460,720575940606137632,5,hop 2 acetylcholine interneuron,hop 3 acetylcholine interneuron
720575940629642460,720575940623741795,5,hop 2 acetylcholine interneuron,hop 3 gaba interneuron
720575940614916725,720575940624608442,11,hop 2 acetylcholine interneuron,hop 3 acetylcholine interneuron
720575940619025780,720575940604332460,6,hop 2 gaba interneuron,hop 3 acetylcholine interneuron
720575940619866059,720575940623777065,36,hop 2 glutamate interneuron,hop 3 gaba interneuron
720575940626021052,720575940631915801,5,hop 2 serotonin interneuron,hop 2 acetylcholine interneuron
720575940620833901,720575940610708430,5,hop 2 acetylcholine interneuron,hop 3 glutamate interneuron
720575940635527092,720575940615871967,5,hop 2 acetylcholine interneuron,hop 3 serotonin interneuron
720575940625172016,720575940623040094,10,hop 2 acetylcholine interneuron,hop 3 acetylcholine interneuron
720575940625172016,720575940606720265,9,hop 2 acetylcholine interneuron,hop 3 acetylcholine interneuron
720575940625172016,720575940622834411,5,hop 2 acetylcholine interneuron,hop 3 acetylcholine interneuron
720575940629285879,720575940631008824,18,hop 2 gaba interneuron,hop 3 glutamate interneuron
720575940629285879,720575940633304601,7,hop 2 gaba interneuron,hop 3 glutamate interneuron
720575940611456661,720575940631969325,15,hop 2 acetylcholine interneuron,hop 3 gaba interneuron
720575940611456661,720575940624795962,15,hop 2 acetylcholine interneuron,hop 3 glutamate interneuron
720575940611456661,720575940626518474,13,hop 2 acetylcholine interneuron,hop 3 gaba interneuron
720575940611456661,720575940625766531,12,hop 2 acetylcholine interneuron,hop 3 glutamate interneuron
720575940611456661,720575940619025780,11,hop 2 acetylcholine interneuron,hop 2 gaba interneuron
720575940611456661,720575940615686841,9,hop 2 acetylcholine interneuron,hop 3 gaba interneuron
720575940611456661,720575940629026668,5,hop 2 acetylcholine interneuron,hop 3 gaba interneuron
720575940626808368,720575940615686841,8,hop 2 acetylcholine interneuron,hop 3 gaba interneuron
720575940626808368,720575940629026668,6,hop 2 acetylcholine interneuron,hop 3 gaba interneuron
720575940611456661,720575940637718598,11,hop 2 acetylcholine interneuron,hop 3 glutamate interneuron
720575940630165007,720575940613845516,6,hop 2 acetylcholine interneuron,hop 3 gaba interneuron
720575940626146125,720575940615792523,26,hop 2 acetylcholine interneuron,hop 3 glutamate interneuron
720575940626146125,720575940631309866,9,hop 2 acetylcholine interneuron,hop 3 serotonin interneuron
720575940627372090,720575940621490721,20,hop 2 gaba interneuron,hop 2 gaba interneuron
720575940627372090,720575940631309866,15,hop 2 gaba interneuron,hop 3 serotonin interneuron
720575940627372090,720575940610708430,6,hop 2 gaba interneuron,hop 3 glutamate interneuron
720575940637417038,720575940615686841,8,hop 2 glutamate interneuron,hop 3 gaba interneuron
720575940613534354,720575940633304601,5,hop 2 acetylcholine interneuron,hop 3 glutamate interneuron
720575940644327022,720575940613845516,5,hop 2 acetylcholine interneuron,hop 3 gaba interneuron
720575940612984981,720575940628038187,5,hop 2 acetylcholine interneuron,hop 3 acetylcholine interneuron
720575940630670890,720575940630311528,21,hop 2 glutamate interneuron,hop 2 serotonin interneuron
720575940630670890,720575940606720265,8,hop 2 glutamate interneuron,hop 3 acetylcholine interneuron
720575940630670890,720575940630349905,7,hop 2 glutamate interneuron,hop 3 acetylcholine interneuron
720575940630670890,720575940631327021,5,hop 2 glutamate interneuron,hop 3 acetylcholine interneuron
720575940622839786,720575940610708430,45,hop 2 glutamate interneuron,hop 3 glutamate interneuron
720575940627826929,720575940631008824,12,hop 2 serotonin interneuron,hop 3 glutamate interneuron
720575940630672938,720575940610708430,9,hop 2 acetylcholine interneuron,hop 3 glutamate interneuron
720575940630672938,720575940631309866,7,hop 2 acetylcholine interneuron,hop 3 serotonin interneuron
720575940613501337,720575940622160705,10,hop 2 glutamate interneuron,hop 2 gaba interneuron
720575940626232153,720575940615871967,28,hop 2 gaba interneuron,hop 3 serotonin interneuron
720575940645108936,720575940623040094,5,hop 2 acetylcholine interneuron,hop 3 acetylcholine interneuron
720575940612289010,720575940624987394,7,hop 2 serotonin interneuron,hop 3 glutamate interneuron
720575940614965691,720575940633304601,12,hop 2 glutamate interneuron,hop 3 glutamate interneuron
720575940614965691,720575940631008824,6,hop 2 glutamate interneuron,hop 3 glutamate interneuron
720575940619453831,720575940633304601,17,hop 2 acetylcholine interneuron,hop 3 glutamate interneuron
720575940619453831,720575940628866242,5,hop 2 acetylcholine interneuron,hop 3 acetylcholine interneuron
720575940635527092,720575940623777065,20,hop 2 acetylcholine interneuron,hop 3 gaba interneuron
720575940635527092,720575940622160705,11,hop 2 acetylcholine interneuron,hop 2 gaba interneuron
720575940630311528,720575940623081400,5,hop 2 serotonin interneuron,IPCs
720575940627492866,720575940650527222,11,hop 2 acetylcholine interneuron,IPCs
720575940627492866,720575940603765280,10,hop 2 acetylcholine interneuron,IPCs
720575940627492866,720575940623081400,5,hop 2 acetylcholine interneuron,IPCs
720575940622587018,720575940650527222,9,hop 2 glutamate interneuron,IPCs
720575940622587018,720575940628363820,6,hop 2 glutamate interneuron,IPCs
720575940622587018,720575940603765280,5,hop 2 glutamate interneuron,IPCs
720575940621138977,720575940650527222,12,hop 2 acetylcholine interneuron,IPCs
720575940621138977,720575940623081400,6,hop 2 acetylcholine interneuron,IPCs
720575940621138977,720575940615043112,6,hop 2 acetylcholine interneuron,IPCs
720575940621138977,720575940603765280,6,hop 2 acetylcholine interneuron,IPCs
720575940621490721,720575940632436307,8,hop 2 gaba interneuron,IPCs
720575940631915801,720575940615043112,5,hop 2 acetylcholine interneuron,IPCs
720575940619025780,720575940628199802,7,hop 2 gaba interneuron,IPCs
720575940619025780,720575940615911380,5,hop 2 gaba interneuron,IPCs
720575940626021052,720575940628199802,9,hop 2 serotonin interneuron,IPCs
720575940626021052,720575940618694827,5,hop 2 serotonin interneuron,IPCs
720575940629642460,720575940622897639,26,hop 2 acetylcholine interneuron,IPCs
720575940629642460,720575940603765280,25,hop 2 acetylcholine interneuron,IPCs
720575940629642460,720575940650527222,16,hop 2 acetylcholine interneuron,IPCs
720575940629642460,720575940628363820,13,hop 2 acetylcholine interneuron,IPCs
720575940629642460,720575940623081400,9,hop 2 acetylcholine interneuron,IPCs
720575940629642460,720575940615043112,8,hop 2 acetylcholine interneuron,IPCs
720575940626146125,720575940650527222,11,hop 2 acetylcholine interneuron,IPCs
720575940626146125,720575940622897639,6,hop 2 acetylcholine interneuron,IPCs
720575940622160705,720575940628363820,5,hop 2 gaba interneuron,IPCs
