,pre_root_id,post_root_id,nt_type,syn_count,pre_group,post_group
0,720575940604395436,720575940620625880,ACH,7,Stanley ACh interneuron,OviDN
1,720575940604395436,720575940621257340,ACH,11,Stanley ACh interneuron,OviDN
2,720575940604395436,720575940642312136,ACH,5,Stanley ACh interneuron,OviDN
3,720575940604891360,720575940629013199,GABA,6,1° Unknown,2° GABA interneuron
4,720575940605040300,720575940642312136,GLUT,11,2° GLUT interneuron,OviDN
5,720575940608471900,720575940632512156,GABA,9,2° Unknown,OviDN
6,720575940610683315,720575940614128691,ACH,5,Ir94e,1° ACH interneuron
7,720575940610683315,720575940614635175,ACH,47,Ir94e,CB0159
8,720575940610683315,720575940617671285,ACH,19,Ir94e,GNG.SLP.T1 (L)
9,720575940610683315,720575940619034782,ACH,6,Ir94e,GNG.SLP.T2 (L)
10,720575940610683315,720575940620553094,ACH,61,Ir94e,CB0159
11,720575940610683315,720575940623696362,ACH,7,Ir94e,1° GABA interneuron
12,720575940610683315,720575940624079544,ACH,10,Ir94e,Ir94e
13,720575940610683315,720575940628198503,ACH,10,Ir94e,Ir94e
14,720575940610683315,720575940628683063,ACH,6,Ir94e,1° ACH interneuron
15,720575940610683315,720575940631082124,ACH,29,Ir94e,Ir94e
16,720575940610683315,720575940634090777,ACH,10,Ir94e,1° GABA interneuron
17,720575940610683315,720575940637956698,ACH,5,Ir94e,1° ACH interneuron
18,720575940610683315,720575940638218173,ACH,19,Ir94e,Ir94e
19,720575940610683315,720575940642335373,ACH,9,Ir94e,1° GABA interneuron
20,720575940610956334,720575940628771587,GABA,11,1° GABA interneuron,2° GLUT interneuron
21,720575940611411057,720575940613511987,GABA,22,1° GABA interneuron,2° GLUT interneuron
22,720575940611411057,720575940622495401,GABA,61,1° GABA interneuron,2° ACH interneuron
23,720575940611411057,720575940626617914,GABA,6,1° GABA interneuron,2° GLUT interneuron
24,720575940611411057,720575940627110824,GABA,78,1° GABA interneuron,2° ACH interneuron
25,720575940611411057,720575940630606444,GABA,7,1° GABA interneuron,2° GABA interneuron
26,720575940611849178,720575940611411057,ACH,5,Ir94e,1° GABA interneuron
27,720575940611849178,720575940614635175,ACH,73,Ir94e,CB0159
28,720575940611849178,720575940616759014,ACH,43,Ir94e,GNG.SLP.T1 (R)
29,720575940611849178,720575940617671285,ACH,8,Ir94e,GNG.SLP.T1 (L)
30,720575940611849178,720575940620553094,ACH,54,Ir94e,CB0159
31,720575940611849178,720575940623207885,ACH,8,Ir94e,1° Unknown
32,720575940611849178,720575940623507273,ACH,7,Ir94e,GNG.SLP.T2 (R)
33,720575940611849178,720575940625310014,ACH,22,Ir94e,1° ACH interneuron
34,720575940612490958,720575940620625880,ACH,6,2° ACH interneuron,OviDN
35,720575940612490958,720575940621257340,ACH,32,2° ACH interneuron,OviDN
36,720575940612490958,720575940627921182,ACH,106,2° ACH interneuron,OviDN
37,720575940612490958,720575940642312136,ACH,58,2° ACH interneuron,OviDN
38,720575940612708374,720575940627921182,GLUT,6,2° GLUT interneuron,OviDN
39,720575940612920386,720575940614635175,ACH,65,Ir94e,CB0159
40,720575940612920386,720575940616759014,ACH,7,Ir94e,GNG.SLP.T1 (R)
41,720575940612920386,720575940617671285,ACH,38,Ir94e,GNG.SLP.T1 (L)
42,720575940612920386,720575940620553094,ACH,86,Ir94e,CB0159
43,720575940612920386,720575940624079544,ACH,15,Ir94e,Ir94e
44,720575940612920386,720575940628198503,ACH,29,Ir94e,Ir94e
45,720575940612920386,720575940631082124,ACH,9,Ir94e,Ir94e
46,720575940612920386,720575940637956698,ACH,16,Ir94e,1° ACH interneuron
47,720575940612920386,720575940638218173,ACH,7,Ir94e,Ir94e
48,720575940613511987,720575940642312136,GLUT,5,2° GLUT interneuron,OviDN
49,720575940613524973,720575940604395436,ACH,5,1° ACH interneuron,Stanley ACh interneuron
50,720575940613524973,720575940612490958,ACH,6,1° ACH interneuron,2° ACH interneuron
51,720575940613524973,720575940620122503,ACH,6,1° ACH interneuron,2° ACH interneuron
52,720575940613524973,720575940626132030,ACH,5,1° ACH interneuron,2° GLUT interneuron
53,720575940613524973,720575940629861163,ACH,6,1° ACH interneuron,Earmuff
54,720575940614128691,720575940620445062,ACH,6,1° ACH interneuron,VP5+Z_adPN
55,720575940614128691,720575940625005239,ACH,5,1° ACH interneuron,2° GABA interneuron
56,720575940614128691,720575940629013199,ACH,7,1° ACH interneuron,2° GABA interneuron
57,720575940614128691,720575940629861163,ACH,36,1° ACH interneuron,Earmuff
58,720575940614211295,720575940613524973,ACH,6,Ir94e,1° ACH interneuron
59,720575940614211295,720575940614635175,ACH,64,Ir94e,CB0159
60,720575940614211295,720575940616759014,ACH,5,Ir94e,GNG.SLP.T1 (R)
61,720575940614211295,720575940617671285,ACH,48,Ir94e,GNG.SLP.T1 (L)
62,720575940614211295,720575940619034782,ACH,6,Ir94e,GNG.SLP.T2 (L)
63,720575940614211295,720575940620553094,ACH,69,Ir94e,CB0159
64,720575940614211295,720575940624079544,ACH,23,Ir94e,Ir94e
65,720575940614211295,720575940628198503,ACH,13,Ir94e,Ir94e
66,720575940614211295,720575940635642725,ACH,7,Ir94e,1° GABA interneuron
67,720575940614211295,720575940637956698,ACH,15,Ir94e,1° ACH interneuron
68,720575940614635175,720575940635807130,GABA,15,CB0159,2° GABA interneuron
69,720575940614635175,720575940637686750,GABA,24,CB0159,2° GABA interneuron
70,720575940615626018,720575940627921182,GABA,5,2° GABA interneuron,OviDN
71,720575940616127931,720575940620625880,ACH,8,2° ACH interneuron,OviDN
72,720575940616187754,720575940620625880,ACH,31,Stanley ACh interneuron,OviDN
73,720575940616187754,720575940632512156,ACH,12,Stanley ACh interneuron,OviDN
74,720575940616404820,720575940642495176,GLUT,5,1° GLUT interneuron,2° ACH interneuron
75,720575940616759014,720575940605040300,ACH,6,GNG.SLP.T1 (R),2° GLUT interneuron
76,720575940616759014,720575940617406548,ACH,8,GNG.SLP.T1 (R),Stanley ACh interneuron
77,720575940616759014,720575940621698542,ACH,29,GNG.SLP.T1 (R),Stanley ACh interneuron
78,720575940616759014,720575940633926295,ACH,43,GNG.SLP.T1 (R),2° ACH interneuron
79,720575940616759014,720575940637861294,ACH,8,GNG.SLP.T1 (R),Stanley Glu interneuron
80,720575940616759014,720575940637878854,ACH,6,GNG.SLP.T1 (R),Stanley ACh interneuron
81,720575940617299515,720575940629013199,ACH,19,1° ACH interneuron,2° GABA interneuron
82,720575940617406548,720575940620625880,ACH,16,Stanley ACh interneuron,OviDN
83,720575940617406548,720575940632512156,ACH,9,Stanley ACh interneuron,OviDN
84,720575940617539355,720575940629013199,GABA,8,1° GABA interneuron,2° GABA interneuron
85,720575940617539355,720575940631275601,GABA,63,1° GABA interneuron,2° ACH interneuron
86,720575940617671285,720575940604395436,ACH,12,GNG.SLP.T1 (L),Stanley ACh interneuron
87,720575940617671285,720575940616187754,ACH,7,GNG.SLP.T1 (L),Stanley ACh interneuron
88,720575940617671285,720575940617406548,ACH,9,GNG.SLP.T1 (L),Stanley ACh interneuron
89,720575940617671285,720575940620157787,ACH,7,GNG.SLP.T1 (L),2° GLUT interneuron
90,720575940617671285,720575940621698542,ACH,50,GNG.SLP.T1 (L),Stanley ACh interneuron
91,720575940617671285,720575940623393357,ACH,5,GNG.SLP.T1 (L),2° GLUT interneuron
92,720575940617671285,720575940624007207,ACH,7,GNG.SLP.T1 (L),2° GLUT interneuron
93,720575940617671285,720575940624247787,ACH,5,GNG.SLP.T1 (L),Stanley Glu interneuron
94,720575940617671285,720575940631371991,ACH,9,GNG.SLP.T1 (L),Stanley Glu interneuron
95,720575940617671285,720575940633926295,ACH,31,GNG.SLP.T1 (L),2° ACH interneuron
96,720575940617671285,720575940637861294,ACH,5,GNG.SLP.T1 (L),Stanley Glu interneuron
97,720575940617671285,720575940637878854,ACH,6,GNG.SLP.T1 (L),Stanley ACh interneuron
98,720575940617898456,720575940642312136,GABA,6,2° GABA interneuron,OviDN
99,720575940619034782,720575940624247787,GLUT,34,GNG.SLP.T2 (L),Stanley Glu interneuron
100,720575940620038433,720575940627921182,GABA,8,2° GABA interneuron,OviDN
101,720575940620122503,720575940620625880,ACH,16,2° ACH interneuron,OviDN
102,720575940620122503,720575940621257340,ACH,22,2° ACH interneuron,OviDN
103,720575940620157787,720575940620625880,GLUT,6,2° GLUT interneuron,OviDN
104,720575940620445062,720575940620625880,ACH,5,VP5+Z_adPN,OviDN
105,720575940620445062,720575940624247787,ACH,127,VP5+Z_adPN,Stanley Glu interneuron
106,720575940620553094,720575940623079095,GABA,5,CB0159,2° GABA interneuron
107,720575940620553094,720575940635807130,GABA,19,CB0159,2° GABA interneuron
108,720575940620553094,720575940637686750,GABA,19,CB0159,2° GABA interneuron
109,720575940620670657,720575940620625880,ACH,15,2° ACH interneuron,OviDN
110,720575940621375231,720575940614128691,ACH,11,Ir94e,1° ACH interneuron
111,720575940621375231,720575940614635175,ACH,34,Ir94e,CB0159
112,720575940621375231,720575940617671285,ACH,16,Ir94e,GNG.SLP.T1 (L)
113,720575940621375231,720575940620553094,ACH,44,Ir94e,CB0159
114,720575940621375231,720575940627444490,ACH,5,Ir94e,1° GABA interneuron
115,720575940621375231,720575940628198503,ACH,7,Ir94e,Ir94e
116,720575940621375231,720575940628683063,ACH,13,Ir94e,1° ACH interneuron
117,720575940621375231,720575940631082124,ACH,31,Ir94e,Ir94e
118,720575940621375231,720575940634090777,ACH,5,Ir94e,1° GABA interneuron
119,720575940621375231,720575940638218173,ACH,32,Ir94e,Ir94e
120,720575940621698542,720575940620625880,ACH,9,Stanley ACh interneuron,OviDN
121,720575940621898665,720575940614635175,ACH,41,Ir94e,CB0159
122,720575940621898665,720575940617299515,ACH,8,Ir94e,1° ACH interneuron
123,720575940621898665,720575940620553094,ACH,33,Ir94e,CB0159
124,720575940621898665,720575940623507273,ACH,11,Ir94e,GNG.SLP.T2 (R)
125,720575940621898665,720575940624928284,ACH,7,Ir94e,1° GABA interneuron
126,720575940622151704,720575940621257340,ACH,5,2° ACH interneuron,OviDN
127,720575940622319715,720575940627921182,GLUT,7,2° Unknown,OviDN
128,720575940622335197,720575940629013199,ACH,20,1° ACH interneuron,2° GABA interneuron
129,720575940622495401,720575940620625880,ACH,13,2° ACH interneuron,OviDN
130,720575940622695448,720575940635807130,GABA,6,1° GABA interneuron,2° GABA interneuron
131,720575940623079095,720575940642312136,GABA,16,2° GABA interneuron,OviDN
132,720575940623207885,720575940629013199,ACH,21,1° Unknown,2° GABA interneuron
133,720575940623207885,720575940631275601,ACH,6,1° Unknown,2° ACH interneuron
134,720575940623207885,720575940649812857,ACH,7,1° Unknown,2° ACH interneuron
135,720575940623393357,720575940620625880,GLUT,5,2° GLUT interneuron,OviDN
136,720575940623393357,720575940621257340,GLUT,9,2° GLUT interneuron,OviDN
137,720575940623507273,720575940624247787,GLUT,34,GNG.SLP.T2 (R),Stanley Glu interneuron
138,720575940623507273,720575940637686750,GLUT,5,GNG.SLP.T2 (R),2° GABA interneuron
139,720575940623696362,720575940616127931,GABA,40,1° GABA interneuron,2° ACH interneuron
140,720575940623696362,720575940629861163,GABA,6,1° GABA interneuron,Earmuff
141,720575940624007207,720575940627921182,GLUT,5,2° GLUT interneuron,OviDN
142,720575940624079544,720575940604891360,ACH,9,Ir94e,1° Unknown
143,720575940624079544,720575940614635175,ACH,65,Ir94e,CB0159
144,720575940624079544,720575940617671285,ACH,39,Ir94e,GNG.SLP.T1 (L)
145,720575940624079544,720575940620553094,ACH,58,Ir94e,CB0159
146,720575940624079544,720575940629861163,ACH,6,Ir94e,Earmuff
147,720575940624079544,720575940637956698,ACH,27,Ir94e,1° ACH interneuron
148,720575940624247787,720575940621257340,GLUT,7,Stanley Glu interneuron,OviDN
149,720575940624266061,720575940615626018,ACH,14,1° ACH interneuron,2° GABA interneuron
150,720575940624266061,720575940617898456,ACH,24,1° ACH interneuron,2° GABA interneuron
151,720575940624266061,720575940620038433,ACH,10,1° ACH interneuron,2° GABA interneuron
152,720575940624928284,720575940637686750,GABA,11,1° GABA interneuron,2° GABA interneuron
153,720575940625005239,720575940620625880,GABA,50,2° GABA interneuron,OviDN
154,720575940625310014,720575940636990064,ACH,19,1° ACH interneuron,2° Unknown
155,720575940625450498,720575940611411057,ACH,8,Ir94e,1° GABA interneuron
156,720575940625450498,720575940614635175,ACH,53,Ir94e,CB0159
157,720575940625450498,720575940616759014,ACH,32,Ir94e,GNG.SLP.T1 (R)
158,720575940625450498,720575940617299515,ACH,20,Ir94e,1° ACH interneuron
159,720575940625450498,720575940620553094,ACH,44,Ir94e,CB0159
160,720575940625450498,720575940623507273,ACH,10,Ir94e,GNG.SLP.T2 (R)
161,720575940625696601,720575940614635175,ACH,28,Ir94e,CB0159
162,720575940625696601,720575940616759014,ACH,37,Ir94e,GNG.SLP.T1 (R)
163,720575940625696601,720575940617671285,ACH,5,Ir94e,GNG.SLP.T1 (L)
164,720575940625696601,720575940620553094,ACH,37,Ir94e,CB0159
165,720575940625696601,720575940623207885,ACH,20,Ir94e,1° Unknown
166,720575940625696601,720575940624266061,ACH,6,Ir94e,1° ACH interneuron
167,720575940625696601,720575940626941080,ACH,8,Ir94e,1° GABA interneuron
168,720575940626016017,720575940614128691,ACH,16,Ir94e,1° ACH interneuron
169,720575940626016017,720575940614635175,ACH,37,Ir94e,CB0159
170,720575940626016017,720575940617671285,ACH,9,Ir94e,GNG.SLP.T1 (L)
171,720575940626016017,720575940620553094,ACH,52,Ir94e,CB0159
172,720575940626016017,720575940628198503,ACH,9,Ir94e,Ir94e
173,720575940626016017,720575940628683063,ACH,14,Ir94e,1° ACH interneuron
174,720575940626016017,720575940631082124,ACH,14,Ir94e,Ir94e
175,720575940626016017,720575940634090777,ACH,11,Ir94e,1° GABA interneuron
176,720575940626016017,720575940635642725,ACH,9,Ir94e,1° GABA interneuron
177,720575940626016017,720575940638218173,ACH,18,Ir94e,Ir94e
178,720575940626132030,720575940621257340,GLUT,6,2° GLUT interneuron,OviDN
179,720575940626617914,720575940632512156,GLUT,11,2° GLUT interneuron,OviDN
180,720575940626622339,720575940632556831,GABA,7,1° GABA interneuron,2° ACH interneuron
181,720575940626941080,720575940608471900,GABA,17,1° GABA interneuron,2° Unknown
182,720575940626941080,720575940617898456,GABA,12,1° GABA interneuron,2° GABA interneuron
183,720575940626941080,720575940623079095,GABA,12,1° GABA interneuron,2° GABA interneuron
184,720575940626941080,720575940632603548,GABA,6,1° GABA interneuron,2° GABA interneuron
185,720575940627110824,720575940632512156,ACH,6,2° ACH interneuron,OviDN
186,720575940627402568,720575940611411057,ACH,7,Ir94e,1° GABA interneuron
187,720575940627402568,720575940614635175,ACH,68,Ir94e,CB0159
188,720575940627402568,720575940616759014,ACH,37,Ir94e,GNG.SLP.T1 (R)
189,720575940627402568,720575940617671285,ACH,7,Ir94e,GNG.SLP.T1 (L)
190,720575940627402568,720575940620553094,ACH,71,Ir94e,CB0159
191,720575940627402568,720575940623207885,ACH,6,Ir94e,1° Unknown
192,720575940627402568,720575940625310014,ACH,10,Ir94e,1° ACH interneuron
193,720575940627438906,720575940614635175,ACH,34,Ir94e,CB0159
194,720575940627438906,720575940616759014,ACH,17,Ir94e,GNG.SLP.T1 (R)
195,720575940627438906,720575940617299515,ACH,26,Ir94e,1° ACH interneuron
196,720575940627438906,720575940620553094,ACH,37,Ir94e,CB0159
197,720575940627438906,720575940622695448,ACH,6,Ir94e,1° GABA interneuron
198,720575940627438906,720575940623507273,ACH,8,Ir94e,GNG.SLP.T2 (R)
199,720575940627438906,720575940637763135,ACH,5,Ir94e,1° GABA interneuron
200,720575940627438906,720575940641284853,ACH,5,Ir94e,1° GLUT interneuron
201,720575940627438906,720575940645503854,ACH,5,Ir94e,1° ACH interneuron
202,720575940627444490,720575940616127931,GABA,7,1° GABA interneuron,2° ACH interneuron
203,720575940627444490,720575940620670657,GABA,5,1° GABA interneuron,2° ACH interneuron
204,720575940627444490,720575940630546540,GABA,5,1° GABA interneuron,2° ACH interneuron
205,720575940628198503,720575940604891360,ACH,6,Ir94e,1° Unknown
206,720575940628198503,720575940610956334,ACH,6,Ir94e,1° GABA interneuron
207,720575940628198503,720575940614635175,ACH,60,Ir94e,CB0159
208,720575940628198503,720575940616759014,ACH,5,Ir94e,GNG.SLP.T1 (R)
209,720575940628198503,720575940617671285,ACH,28,Ir94e,GNG.SLP.T1 (L)
210,720575940628198503,720575940620553094,ACH,45,Ir94e,CB0159
211,720575940628198503,720575940629861163,ACH,8,Ir94e,Earmuff
212,720575940628198503,720575940637956698,ACH,31,Ir94e,1° ACH interneuron
213,720575940628683063,720575940622319715,ACH,6,1° ACH interneuron,2° Unknown
214,720575940628771587,720575940632512156,GLUT,5,2° GLUT interneuron,OviDN
215,720575940629013199,720575940632512156,GABA,47,2° GABA interneuron,OviDN
216,720575940629013199,720575940642312136,GABA,10,2° GABA interneuron,OviDN
217,720575940629861163,720575940604395436,GABA,10,Earmuff,Stanley ACh interneuron
218,720575940629861163,720575940612490958,GABA,166,Earmuff,2° ACH interneuron
219,720575940629861163,720575940620625880,GABA,70,Earmuff,OviDN
220,720575940629861163,720575940621257340,GABA,21,Earmuff,OviDN
221,720575940629861163,720575940627921182,GABA,11,Earmuff,OviDN
222,720575940630546540,720575940620625880,ACH,8,2° ACH interneuron,OviDN
223,720575940630606444,720575940642312136,GABA,46,2° GABA interneuron,OviDN
224,720575940631082124,720575940614128691,ACH,22,Ir94e,1° ACH interneuron
225,720575940631082124,720575940614635175,ACH,33,Ir94e,CB0159
226,720575940631082124,720575940617671285,ACH,18,Ir94e,GNG.SLP.T1 (L)
227,720575940631082124,720575940620553094,ACH,27,Ir94e,CB0159
228,720575940631082124,720575940629861163,ACH,7,Ir94e,Earmuff
229,720575940631082124,720575940637956698,ACH,6,Ir94e,1° ACH interneuron
230,720575940631275601,720575940632512156,ACH,5,2° ACH interneuron,OviDN
231,720575940631371991,720575940621257340,GLUT,7,Stanley Glu interneuron,OviDN
232,720575940631371991,720575940627921182,GLUT,8,Stanley Glu interneuron,OviDN
233,720575940631486765,720575940620625880,GLUT,8,2° GLUT interneuron,OviDN
234,720575940632556831,720575940621257340,ACH,11,2° ACH interneuron,OviDN
235,720575940632603548,720575940642312136,GABA,11,2° GABA interneuron,OviDN
236,720575940633926295,720575940632512156,ACH,5,2° ACH interneuron,OviDN
237,720575940634090777,720575940635807130,GABA,16,1° GABA interneuron,2° GABA interneuron
238,720575940635210859,720575940635807130,SER,6,1° SER interneuron,2° GABA interneuron
239,720575940635642725,720575940612708374,GABA,37,1° GABA interneuron,2° GLUT interneuron
240,720575940635642725,720575940620157787,GABA,6,1° GABA interneuron,2° GLUT interneuron
241,720575940635642725,720575940622495401,GABA,61,1° GABA interneuron,2° ACH interneuron
242,720575940635642725,720575940624247787,GABA,5,1° GABA interneuron,Stanley Glu interneuron
243,720575940635642725,720575940627110824,GABA,45,1° GABA interneuron,2° ACH interneuron
244,720575940635642725,720575940631486765,GABA,6,1° GABA interneuron,2° GLUT interneuron
245,720575940635642725,720575940647473796,GABA,9,1° GABA interneuron,2° GABA interneuron
246,720575940635807130,720575940620625880,GABA,27,2° GABA interneuron,OviDN
247,720575940635807130,720575940627921182,GABA,7,2° GABA interneuron,OviDN
248,720575940636990064,720575940627921182,DA,5,2° Unknown,OviDN
249,720575940637686750,720575940632512156,GABA,14,2° GABA interneuron,OviDN
250,720575940637747519,720575940614635175,ACH,57,Ir94e,CB0159
251,720575940637747519,720575940616759014,ACH,31,Ir94e,GNG.SLP.T1 (R)
252,720575940637747519,720575940620553094,ACH,46,Ir94e,CB0159
253,720575940637747519,720575940622335197,ACH,6,Ir94e,1° ACH interneuron
254,720575940637747519,720575940625310014,ACH,13,Ir94e,1° ACH interneuron
255,720575940637763135,720575940637686750,GABA,21,1° GABA interneuron,2° GABA interneuron
256,720575940637861294,720575940642312136,GLUT,12,Stanley Glu interneuron,OviDN
257,720575940637878854,720575940620625880,ACH,9,Stanley ACh interneuron,OviDN
258,720575940637878854,720575940621257340,ACH,9,Stanley ACh interneuron,OviDN
259,720575940637878854,720575940627921182,ACH,6,Stanley ACh interneuron,OviDN
260,720575940637878854,720575940632512156,ACH,13,Stanley ACh interneuron,OviDN
261,720575940637878854,720575940642312136,ACH,5,Stanley ACh interneuron,OviDN
262,720575940637956698,720575940604395436,ACH,5,1° ACH interneuron,Stanley ACh interneuron
263,720575940637956698,720575940612490958,ACH,10,1° ACH interneuron,2° ACH interneuron
264,720575940637956698,720575940620157787,ACH,7,1° ACH interneuron,2° GLUT interneuron
265,720575940637956698,720575940622151704,ACH,11,1° ACH interneuron,2° ACH interneuron
266,720575940638218173,720575940610956334,ACH,5,Ir94e,1° GABA interneuron
267,720575940638218173,720575940614128691,ACH,18,Ir94e,1° ACH interneuron
268,720575940638218173,720575940614635175,ACH,34,Ir94e,CB0159
269,720575940638218173,720575940617671285,ACH,16,Ir94e,GNG.SLP.T1 (L)
270,720575940638218173,720575940619034782,ACH,7,Ir94e,GNG.SLP.T2 (L)
271,720575940638218173,720575940620445062,ACH,5,Ir94e,VP5+Z_adPN
272,720575940638218173,720575940620553094,ACH,48,Ir94e,CB0159
273,720575940638218173,720575940623696362,ACH,8,Ir94e,1° GABA interneuron
274,720575940638218173,720575940624079544,ACH,9,Ir94e,Ir94e
275,720575940638218173,720575940631082124,ACH,42,Ir94e,Ir94e
276,720575940638218173,720575940634090777,ACH,7,Ir94e,1° GABA interneuron
277,720575940638218173,720575940635210859,ACH,6,Ir94e,1° SER interneuron
278,720575940638813016,720575940614635175,ACH,45,Ir94e,CB0159
279,720575940638813016,720575940616404820,ACH,13,Ir94e,1° GLUT interneuron
280,720575940638813016,720575940616759014,ACH,35,Ir94e,GNG.SLP.T1 (R)
281,720575940638813016,720575940617539355,ACH,7,Ir94e,1° GABA interneuron
282,720575940638813016,720575940620553094,ACH,37,Ir94e,CB0159
283,720575940638813016,720575940623207885,ACH,19,Ir94e,1° Unknown
284,720575940638813016,720575940624266061,ACH,7,Ir94e,1° ACH interneuron
285,720575940638813016,720575940626622339,ACH,6,Ir94e,1° GABA interneuron
286,720575940641284853,720575940608471900,GLUT,30,1° GLUT interneuron,2° Unknown
287,720575940641284853,720575940617898456,GLUT,5,1° GLUT interneuron,2° GABA interneuron
288,720575940641284853,720575940629013199,GLUT,108,1° GLUT interneuron,2° GABA interneuron
289,720575940641284853,720575940631275601,GLUT,25,1° GLUT interneuron,2° ACH interneuron
290,720575940641284853,720575940637686750,GLUT,5,1° GLUT interneuron,2° GABA interneuron
291,720575940642335373,720575940616127931,GABA,5,1° GABA interneuron,2° ACH interneuron
292,720575940642495176,720575940632512156,ACH,5,2° ACH interneuron,OviDN
293,720575940643065032,720575940611411057,ACH,10,Ir94e,1° GABA interneuron
294,720575940643065032,720575940614635175,ACH,66,Ir94e,CB0159
295,720575940643065032,720575940616759014,ACH,38,Ir94e,GNG.SLP.T1 (R)
296,720575940643065032,720575940620553094,ACH,60,Ir94e,CB0159
297,720575940643065032,720575940625310014,ACH,9,Ir94e,1° ACH interneuron
298,720575940645503854,720575940629013199,ACH,17,1° ACH interneuron,2° GABA interneuron
299,720575940647473796,720575940627921182,GABA,51,2° GABA interneuron,OviDN
300,720575940649812857,720575940620625880,ACH,7,2° ACH interneuron,OviDN
301,720575940649812857,720575940621257340,ACH,9,2° ACH interneuron,OviDN
